product_id,name,brand,sku,ean,category,form,assignment,targets,vitar_url,nasevitaminy_url,ceskevitaminy_url
prd_077f431ae3bd,Capri-Sun Dětský batoh pejsek,Capri-Sun,39005056,3900505600000,Merch a příslušenství,Neurčeno,Mimo e-shopy / retail,outside,,https://www.nasevitaminy.cz/capri-sun-detsky-batoh,
prd_5365d58389bd,"Capri-Sun Fairy Drink 0,2 l",Capri-Sun,40000003,4000177033487,Pitný režim a nápoje,Nápoj,Mimo e-shopy / retail,outside,https://www.vitar.cz/capri-sun-fairy-drink-0-2-l/,https://www.nasevitaminy.cz/capri-sun-fairy-drink-0-2-l,
prd_337ac70fc800,Capri-Sun láhev,Capri-Sun,39005057,3900505700000,Merch a příslušenství,Neurčeno,Mimo e-shopy / retail,outside,,https://www.nasevitaminy.cz/capri-sun-lahev,
prd_35a10b4bd4bc,"Capri-Sun Mango + maracuja 0,33 l",Capri-Sun,50600047,4000177172650,Pitný režim a nápoje,Nápoj,Mimo e-shopy / retail,outside,https://www.vitar.cz/capri-sun-mango-maracuja-0-33-l/,https://www.nasevitaminy.cz/capri-sun-mango-maracuja-0-33-l,
prd_e4609a570834,"Capri-Sun Monster Alarm 0,2 l",Capri-Sun,40000142,4000177019276,Pitný režim a nápoje,Nápoj,Mimo e-shopy / retail,outside,https://www.vitar.cz/capri-sun-monster-alarm-0-2-l/,https://www.nasevitaminy.cz/capri-sun-fun-alarm-0-2-l,
prd_6e967cabb248,"Capri-Sun Multivitamin 0,2 l",Capri-Sun,40000102,4000177407509,Pitný režim a nápoje,Nápoj,Mimo e-shopy / retail,outside,https://www.vitar.cz/capri-sun-multivitamin-0-2-l/,https://www.nasevitaminy.cz/capri-sun-multivitamin-0-2-l,
prd_2bd3051b759d,"Capri-Sun Multivitamin 0,33 l",Capri-Sun,50600043,4000177162316,Pitný režim a nápoje,Nápoj,Mimo e-shopy / retail,outside,https://www.vitar.cz/capri-sun-multivitamin-0-33-l/,https://www.nasevitaminy.cz/capri-sun-multivitamin-0-33-l,
prd_9e55c4a1d27f,"Capri-Sun Multivitamin Zero 0,2 l",Capri-Sun,40000015,4000177030035,Pitný režim a nápoje,Nápoj,Mimo e-shopy / retail,outside,https://www.vitar.cz/capri-sun-multivitamin-zero-0-2-l/,https://www.nasevitaminy.cz/capri-sun-multivitamin-zero,
prd_9758d3a221c7,"Capri-Sun Mystic Dragon 0,2 l",Capri-Sun,40000122,4000177408100,Pitný režim a nápoje,Nápoj,Mimo e-shopy / retail,outside,https://www.vitar.cz/capri-sun-mystic-dragon-0-2-l/,https://www.nasevitaminy.cz/capri-sun-mystic-dragon,
prd_104bef80646e,Capri-Sun osuška,Capri-Sun,39000011,3900001100000,Merch a příslušenství,Neurčeno,Mimo e-shopy / retail,outside,,https://www.nasevitaminy.cz/capri-sun-osuska,
prd_1db711655d71,"Capri-Sun Pomeranč + broskev 0,33 l",Capri-Sun,50183747,,Pitný režim a nápoje,Nápoj,Mimo e-shopy / retail,outside,https://www.vitar.cz/capri-sun-pomeranc-broskev-0-33-l/,,
prd_e9b8a2b0854f,"Capri-Sun Pomeranč 0,2 l",Capri-Sun,40000112,4000177407400,Pitný režim a nápoje,Nápoj,Mimo e-shopy / retail,outside,https://www.vitar.cz/capri-sun-pomeranc-0-2-l/,https://www.nasevitaminy.cz/capri-sun-pomeranc-0-2-l,
prd_8d030e405324,"Capri-Sun Safari Fruits 0,2 l",Capri-Sun,40000132,4000177407608,Pitný režim a nápoje,Nápoj,Mimo e-shopy / retail,outside,https://www.vitar.cz/capri-sun-safari-fruits-0-2-l/,https://www.nasevitaminy.cz/capri-sun-safari-fruits-0-2-l,
prd_fd35fc0b74f0,Capri-Sun taška,Capri-Sun,39005029,3900502900000,Merch a příslušenství,Neurčeno,Mimo e-shopy / retail,outside,,https://www.nasevitaminy.cz/capri-sun-taska,
prd_ca9061e8b1d5,"Capri-Sun Višeň + granátové jablko 0,33 l",Capri-Sun,50600044,4000177172629,Pitný režim a nápoje,Nápoj,Mimo e-shopy / retail,outside,https://www.vitar.cz/capri-sun-visen-and-granatove-jablko-0-33-l/,https://www.nasevitaminy.cz/capri-sun-visen-granatove-jablko-0-33-l,
prd_e99da9f0ed05,Predator 16% - 150 ml,Predator,50100102,8595117102447,Repelenty a ochrana,Neurčeno,Mimo e-shopy / retail,outside,,https://www.nasevitaminy.cz/predator-16-150-ml-ret,
prd_099f02e06efc,Predator 16% - 300 ml XXL,Predator,50100103,8595117101716,Repelenty a ochrana,Neurčeno,Mimo e-shopy / retail,outside,,https://www.nasevitaminy.cz/predator-16-300-ml-xxl,
prd_91383912cf5e,Predator Gel po bodnutí hmyzem,Predator,50100206,0000085951181,Repelenty a ochrana,Kosmetika,Mimo e-shopy / retail,outside,https://www.vitar.cz/predator-gel-po-bodnuti-hmyzem/,https://www.nasevitaminy.cz/predator-gel-po-bodnuti-hmyzem,
prd_05818f6a1c2d,Predator IXO protector,Predator,50100502,8595117103000,Repelenty a ochrana,Sprej,Mimo e-shopy / retail,outside,https://www.vitar.cz/predator-ixo-protector/,https://www.nasevitaminy.cz/predator-ixo-protector,
prd_3176ed4b27cd,Predator Outdoor Impregnace Alfa sprej 400 ml,Predator,50100118,8595117103369,Repelenty a ochrana,Sprej,Mimo e-shopy / retail,outside,https://www.vitar.cz/predator-outdoor-impregnace-alfa-sprej-400-ml/,https://www.nasevitaminy.cz/predator-outdoor-impregnace-alfa-sprej-400-ml,
prd_96129a105b1c,Predator Parazit hřeben na vši,Predator,50100302,8595011120776,Repelenty a ochrana,Neurčeno,Mimo e-shopy / retail,outside,https://www.vitar.cz/predator-parazit-hreben-na-vsi/,https://www.nasevitaminy.cz/predator-parazit-hreben-na-vsi,
prd_7029ed9745c1,Predator Parazit retail šampon + sérum + hřeben,Predator,50100303,8595117102935,Repelenty a ochrana,Kosmetika,Mimo e-shopy / retail,outside,,https://www.nasevitaminy.cz/predator-parazit-retail-sampon-serum-hreben,
prd_990f1af63d5d,Predator Parazit sprej na vši,Predator,50100119,8595117103840,Repelenty a ochrana,Sprej,Mimo e-shopy / retail,outside,https://www.vitar.cz/predator-parazit-sprej-na-vsi/,https://www.nasevitaminy.cz/predator-parazit-sprej-na-vsi,
prd_f7d57ddf86fc,Predator Parazit Sérum,Predator,50100305,8595117103062,Repelenty a ochrana,Kosmetika,Mimo e-shopy / retail,outside,https://www.vitar.cz/predator-parazit-serum/,https://www.nasevitaminy.cz/predator-parazit-serum,
prd_9993cac4490b,Predator Parazit Sérum + šampon + hřeben,Predator,50100301,8595117102898,Repelenty a ochrana,Kosmetika,Mimo e-shopy / retail,outside,https://www.vitar.cz/predator-parazit-serum-sampon-hreben/,https://www.nasevitaminy.cz/predator-parazit-serum-sampon-hreben,
prd_19da7024ba5d,Predator Repelent,Predator,50100201,8595117100733,Repelenty a ochrana,Neurčeno,Mimo e-shopy / retail,outside,https://www.vitar.cz/predator-repelent/,https://www.nasevitaminy.cz/predator-repelent,
prd_e83cfd057e9c,Predator Repelent 3D - prostorový repelent,Predator,50100109,8595117102041,Repelenty a ochrana,Neurčeno,Mimo e-shopy / retail,outside,https://www.vitar.cz/predator-repelent-3d-prostorovy-repelent/,https://www.nasevitaminy.cz/predator-repelent-3d-prostorovy-repelent,
prd_89f168b68b45,Predator Repelent Bio,Predator,50100209,8595117103314,Repelenty a ochrana,Neurčeno,Mimo e-shopy / retail,outside,https://www.vitar.cz/predator-repelent-bio/,https://www.nasevitaminy.cz/predator-repelent-bio,
prd_d4066c631e18,Predator Repelent Forte 150 ml,Predator,50100202,8595117101709,Repelenty a ochrana,Neurčeno,Mimo e-shopy / retail,outside,https://www.vitar.cz/predator-repelent-forte/,https://www.nasevitaminy.cz/predator-repelent-forte,
prd_f5a071b72cf3,Predator Repelent Forte 90 ml,Predator,50100207,8595117103246,Repelenty a ochrana,Neurčeno,Mimo e-shopy / retail,outside,https://www.vitar.cz/predator-repelent-forte-90-ml/,https://www.nasevitaminy.cz/predator-repelent-forte-90-ml,
prd_5440766db093,Predator Repelent Forte XXL 300 ml,Predator,50100210,8595117103758,Repelenty a ochrana,Neurčeno,Mimo e-shopy / retail,outside,https://www.vitar.cz/predator-repelent-forte-xxl-300-ml/,https://www.nasevitaminy.cz/predator-repelent-forte-xxl-300-ml,
prd_6c176ba9263d,Predator Repelent Junior,Predator,50100203,8595117101983,Repelenty a ochrana,Neurčeno,Mimo e-shopy / retail,outside,https://www.vitar.cz/predator-repelent-junior-1446/,https://www.nasevitaminy.cz/predator-repelent-junior,
prd_12a015465005,Predator Repelent Maxx plus,Predator,50100107,8595117102843,Repelenty a ochrana,Neurčeno,Mimo e-shopy / retail,outside,https://www.vitar.cz/predator-repelent-maxx-plus/,https://www.nasevitaminy.cz/predator-repelent-maxx-plus,
prd_1fb23e207ae5,Predator Repelent Maxx sprej 90 ml,Predator,50100117,8595117102829,Repelenty a ochrana,Sprej,Mimo e-shopy / retail,outside,https://www.vitar.cz/predator-repelent-maxx-90-ml/,https://www.nasevitaminy.cz/predator-repelent-maxx-90-ml,
prd_ee88e952c5bd,Predator Repelent Outdoor impregnace+,Predator,50100108,8595117102058,Repelenty a ochrana,Neurčeno,Mimo e-shopy / retail,outside,https://www.vitar.cz/predator-repelent-outdoor-impregnace/,https://www.nasevitaminy.cz/predator-repelent-outdoor-impregnace,
prd_d0996002a271,Predator Repelent Protector 90 ml,Predator,50100101,8595117103949,Repelenty a ochrana,Neurčeno,Mimo e-shopy / retail,outside,https://www.vitar.cz/predator-repelent-protector-90-ml/,https://www.nasevitaminy.cz/predator-repelent-protector-90-ml,
prd_dac82ab67337,Predator sprej 16% - 90 ml,Predator,50100112,8595117103123,Repelenty a ochrana,Sprej,Mimo e-shopy / retail,outside,,https://www.nasevitaminy.cz/predator-sprej-16-90-ml,
prd_8181364fc404,Vitar Veterinae ArtiVit Forte prášek,Vitar Veterinae,"45000003, 45000004, 45000005",,Klouby a pohyb,Prášek,Samostatná VITAR Veterina,outside,https://www.vitar.cz/vitar-veterinae-artivit-forte-prasek/,,
prd_f7550e74432e,Vitar Veterinae Artivit Forte sypká směs / 70 g,Vitar Veterinae,50301003,8595011125467,Klouby a pohyb,Prášek,Samostatná VITAR Veterina,outside,,https://www.nasevitaminy.cz/vitar-veterinae-artivit-forte-sypka-smes-70-g,
prd_8169d983c817,Vitar Veterinae Artivit Forte sypká směs /400g,Vitar Veterinae,50301004,8595011125481,Klouby a pohyb,Prášek,Samostatná VITAR Veterina,outside,,https://www.nasevitaminy.cz/vitar-veterinae-artivit-forte-sypka-smes-400g,
prd_50b9c4009ea1,Vitar Veterinae Artivit Forte sypká směs/600g,Vitar Veterinae,50301005,8595011125504,Klouby a pohyb,Prášek,Samostatná VITAR Veterina,outside,,https://www.nasevitaminy.cz/vitar-veterinae-artivit-forte-sypka-smes-600g,
prd_c6e2631ec5a8,VITAR Veterinae ArtiVit Pegas Forte 7,Vitar Veterinae,50301016,8595011134643,Klouby a pohyb,Prášek,Samostatná VITAR Veterina,outside,,https://www.nasevitaminy.cz/vitar-veterinae-artivit-pegas-forte-7-700g,
prd_a6d0ebd07b10,Vitar Veterinae ArtiVit Pegas Forte 7,Vitar Veterinae,45000016,8595011134643,Klouby a pohyb,Prášek,Samostatná VITAR Veterina,outside,https://www.vitar.cz/vitar-veterinae-artivit-pegas-forte-7/,,
prd_7060b44bda64,Vitar Veterinae ArtiVit Pegas MSM,Vitar Veterinae,50301015,8595011132366,Klouby a pohyb,Neurčeno,Samostatná VITAR Veterina,outside,,https://www.nasevitaminy.cz/vitar-veterinae-artivit-pegas-msm-smes-720g,
prd_b220d3175e57,Vitar Veterinae ArtiVit Pegas MSM,Vitar Veterinae,45000015,8595011132366,Klouby a pohyb,Prášek,Samostatná VITAR Veterina,outside,https://www.vitar.cz/vitar-veterinae-artivit-pegas-msm/,,
prd_6db82df400e4,Vitar Veterinae ArtiVit sirup,Vitar Veterinae,00000016,,Klouby a pohyb,Sirup / elixír,Samostatná VITAR Veterina,outside,https://www.vitar.cz/vitar-veterinae-artivit-sirup/,,
prd_5bbe4bced4b2,VITAR Veterinae Artivit sirup 1000 ml,Vitar Veterinae,50301012,8595011130584,Veterina,Sirup / elixír,Samostatná VITAR Veterina,outside,,https://www.nasevitaminy.cz/vitar-veterinae-artivit-sirup-1000ml,
prd_8a9ad60536a0,VITAR Veterinae Artivit sirup 200 ml,Vitar Veterinae,50301001,8595011125429,Veterina,Sirup / elixír,Samostatná VITAR Veterina,outside,,https://www.nasevitaminy.cz/vitar-veterinae-artivit-sirup-200-ml-2,
prd_6d58bd77e6fe,VITAR Veterinae Artivit sirup 500 ml,Vitar Veterinae,50301002,8595011125443,Veterina,Sirup / elixír,Samostatná VITAR Veterina,outside,,https://www.nasevitaminy.cz/vitar-veterinae-artivit-sirup-500-ml-2,
prd_50adb27efed0,VITAR Veterinae balíček Artivit sirup + DentOn + Lososový olej,Vitar Veterinae,50303021,8595011144406,Veterina,Sirup / elixír,Samostatná VITAR Veterina,outside,,https://www.nasevitaminy.cz/balicek-artivit-sir-1000-ml-denton100g-losos-olej-2,
prd_50e942afe726,VITAR Veterinae balíček Artivit sirup 200 ml + DentOn 50 g,Vitar Veterinae,50303001,8595011137309,Veterina,Sirup / elixír,Samostatná VITAR Veterina,outside,,https://www.nasevitaminy.cz/balicek-artivit-sirup-200-denton-50,
prd_1e8bf7d0b721,VITAR Veterinae Balíček ArtiVit sirup 500 ml + cestovní miska ZDARMA,Vitar Veterinae,50303031,8595011146905,Veterina,Sirup / elixír,Samostatná VITAR Veterina,outside,,https://www.nasevitaminy.cz/balicek-artivit-sir-500-ml-cestovni-miska-2,
prd_3d80c9eb80c0,VITAR Veterinae balíček Artivit sirup 500 ml + Lososový olej 200 ml,Vitar Veterinae,50303020,8595011144390,Veterina,Sirup / elixír,Samostatná VITAR Veterina,outside,,https://www.nasevitaminy.cz/balicek-artivit-sirup500-ml-lososovy-olej-200-ml,
prd_55c21b19cbc1,Vitar Veterinae DentON,Vitar Veterinae,00000014,,Veterina,Prášek,Samostatná VITAR Veterina,outside,https://www.vitar.cz/vitar-veterinae-denton/,,
prd_d9a111938244,VITAR Veterinae DentON sypká směs 100 g,Vitar Veterinae,50301014,8595011131864,Veterina,Prášek,Samostatná VITAR Veterina,outside,,https://www.nasevitaminy.cz/vitar-veterinae-denton-sypka-smes-100g,
prd_64aff3629c7c,VITAR Veterinae DentON sypká směs 50 g,Vitar Veterinae,50301013,8595011131840,Veterina,Prášek,Samostatná VITAR Veterina,outside,,https://www.nasevitaminy.cz/vitar-veterinae-denton-sypka-smes-50g,
prd_4e23f9e00af3,VITAR Veterinae GasterON SYMBIO,Vitar Veterinae,50301018,8595011144536,Veterina,Neurčeno,Samostatná VITAR Veterina,outside,,https://www.nasevitaminy.cz/vitar-veterinae-gasteron-symbio-28-g-doza,
prd_a5f96f92f7a7,Vitar Veterinae GasterON Symbio,Vitar Veterinae,45000018,8595011144536,Veterina,Neurčeno,Samostatná VITAR Veterina,outside,https://www.vitar.cz/vitar-veterinae-gasteron-symbio/,,
prd_b952d6c76c44,VITAR Veterinae Konopný olej,Vitar Veterinae,00000026,,Veterina,Neurčeno,Samostatná VITAR Veterina,outside,https://www.vitar.cz/vitar-veterinae-konopny-olej/,,
prd_f2fc0ac6e757,VITAR Veterinae Konopný olej (1000 ml),Vitar Veterinae,50300009,8595011144116,Veterina,Neurčeno,Samostatná VITAR Veterina,outside,,https://www.nasevitaminy.cz/vitar-veterinae-konopny-olej-1000-ml,
prd_7f56fa32e2d1,VITAR Veterinae Konopný olej (200 ml),Vitar Veterinae,50300007,8595011144079,Veterina,Neurčeno,Samostatná VITAR Veterina,outside,,https://www.nasevitaminy.cz/vitar-veterinae-konopny-olej-200-ml,
prd_7893dfc32dab,VITAR Veterinae Konopný olej (500 ml),Vitar Veterinae,50300008,8595011144093,Veterina,Neurčeno,Samostatná VITAR Veterina,outside,,https://www.nasevitaminy.cz/vitar-veterinae-konopny-olej-500-ml,
prd_432e40d74f51,VITAR Veterinae Lněný olej,Vitar Veterinae,00000028,,Srdce a oběh,Neurčeno,Samostatná VITAR Veterina,outside,https://www.vitar.cz/vitar-veterinae-lneny-olej/,,
prd_4471b1fd89df,VITAR Veterinae Lněný olej (1000 ml),Vitar Veterinae,50300006,8595011144055,Veterina,Neurčeno,Samostatná VITAR Veterina,outside,,https://www.nasevitaminy.cz/vitar-veterinae-lneny-olej-1000-ml,
prd_661d8baf598a,VITAR Veterinae Lněný olej (200 ml),Vitar Veterinae,50300004,8595011144017,Veterina,Neurčeno,Samostatná VITAR Veterina,outside,,https://www.nasevitaminy.cz/vitar-veterinae-lneny-olej-200-ml,
prd_2edf02657569,VITAR Veterinae Lněný olej (500 ml),Vitar Veterinae,50300005,8595011144031,Veterina,Neurčeno,Samostatná VITAR Veterina,outside,,https://www.nasevitaminy.cz/vitar-veterinae-lneny-olej-500-ml,
prd_2e1d5daa7224,VITAR Veterinae Lososový olej,Vitar Veterinae,00000025,,Veterina,Neurčeno,Samostatná VITAR Veterina,outside,https://www.vitar.cz/vitar-veterinae-lososovy-olej/,,
prd_b62d5e83cdae,VITAR Veterinae Lososový olej (1000 ml),Vitar Veterinae,50300003,8595011143997,Veterina,Neurčeno,Samostatná VITAR Veterina,outside,,https://www.nasevitaminy.cz/vitar-veterinae-lososovy-olej-1000-ml,
prd_0bf39a8716ac,VITAR Veterinae Lososový olej (200 ml),Vitar Veterinae,50300001,8595011143959,Veterina,Neurčeno,Samostatná VITAR Veterina,outside,,https://www.nasevitaminy.cz/vitar-veterinae-lososovy-olej-200-ml,
prd_a6fe9abfd8c6,VITAR Veterinae Lososový olej (500 ml),Vitar Veterinae,50300002,8595011143973,Veterina,Neurčeno,Samostatná VITAR Veterina,outside,,https://www.nasevitaminy.cz/vitar-veterinae-lososovy-olej-500-ml,
prd_b8b1db78c619,Vitar Veterinae Mineral Forte,Vitar Veterinae,00000013,,Veterina,Prášek,Samostatná VITAR Veterina,outside,https://www.vitar.cz/vitar-veterinae-mineral-forte/,,
prd_571a468cc2f8,VITAR Veterinae Mineral Forte sypká směs 500 g,Vitar Veterinae,50301007,8595011125580,Veterina,Prášek,Samostatná VITAR Veterina,outside,,https://www.nasevitaminy.cz/vitar-veterinae-mineral-forte-sypka-smes-500g,
prd_d6b84c3ac2f8,VITAR Veterinae Mineral Forte sypká směs 80 g,Vitar Veterinae,50301006,8595011125566,Veterina,Prášek,Samostatná VITAR Veterina,outside,,https://www.nasevitaminy.cz/vitar-veterinae-mineral-forte-sypka-smes-80g,
prd_03bb96453efc,VITAR Veterinae Minerál Forte sypká směs 800 g,Vitar Veterinae,50301008,8595011125603,Veterina,Prášek,Samostatná VITAR Veterina,outside,,https://www.nasevitaminy.cz/vitar-veterinae-mineral-forte-sypka-smes-800g,
prd_97ae50af697e,VITAR Veterinae Multivit Forte želé,Vitar Veterinae,50301009,8595011125627,Veterina,Želé / gummies,Samostatná VITAR Veterina,outside,,https://www.nasevitaminy.cz/vitar-veterinae-multivit-forte-zele-40ks,
prd_c587030c3284,Vitar Veterinae Multivitamin Forte,Vitar Veterinae,45000009,8595011125627,Vitaminy a minerály,Želé / gummies,Samostatná VITAR Veterina,outside,https://www.vitar.cz/vitar-veterinae-multivitamin-forte/,,
prd_3aff9846e3a6,VITAR Veterinae Ostropestřec olej,Vitar Veterinae,00000027,,Vitaminy a minerály,Neurčeno,Samostatná VITAR Veterina,outside,https://www.vitar.cz/vitar-veterinae-ostropestrec-olej/,,
prd_e0c8de7b70fb,VITAR Veterinae Ostropestřec olej (1000 ml),Vitar Veterinae,50300012,8595011144178,Veterina,Neurčeno,Samostatná VITAR Veterina,outside,,https://www.nasevitaminy.cz/vitar-veterinae-ostropestrec-olej-1000-ml,
prd_6bceba4e51bb,VITAR Veterinae Ostropestřec olej (200 ml),Vitar Veterinae,50300010,8595011144130,Veterina,Neurčeno,Samostatná VITAR Veterina,outside,,https://www.nasevitaminy.cz/vitar-veterinae-ostropestrec-olej-200-ml,
prd_e906f51f775c,VITAR Veterinae Ostropestřec olej (500 ml),Vitar Veterinae,50300011,8595011144154,Veterina,Neurčeno,Samostatná VITAR Veterina,outside,,https://www.nasevitaminy.cz/vitar-veterinae-ostropestrec-olej-500-ml,
